"gi Number "	" Gene Name "	" Rat Entrez "	" Gene Name "	" Human Entrez "	" Docking SV/SV "	" Annotation (D SV/SV > 4.1) "	" SYNSYS BAIT"
162138932	"Ap2a2"	81637	"AP2A2"	161	0.7	0	1
157819953	"Atp6v1a"	685232	"ATP6V1A"	523	0.9	0	1
17105370	"Atp6v1b2"	117596	"ATP6V1B2"	526	0.9	0	1
158749559	"Bsn"	29138	"BSN"	8927	7.4	1	1
11559947	"Cask"	29647	"CASK"	8573	100	1	1
14091742	"Cntnap1"	84008	"CNTNAP1"	8506	100	1	1
12408324	"Cplx1"	64832	"CPLX1"	10815	5.3	1	1
157817081	"Ctnna2"	297357	"CTNNA2"	1496	100	1	1
46048609	"Ctnnb1"	84353	"CTNNB1"	1499	8.4	1	1
157820047	"Ctnnd1"	311163	"CTNND1"	1500	100	1	1
13162361	"Dnajc5"	79130	"DNAJC5"	80331	1.1	0	1
16758108	"Hcn1"	84390	"HCN1"	348980	100	1	1
13489067	"Nsf"	60355	"NSF"	4905	3.3	0	1
10048483	"Pclo"	56768	"PCLO"	27445	100	1	1
157824053	"Ppfia2"	362876	"PPFIA2"	8499	100	1	1
61098195	"Rab3a"	25531	"RAB3A"	5864	2	0	1
16306470	"Rims1"	84556	"RIMS1"	22999	6.3	1	1
57527421	"Sh3glb2"	"NA"	"SH3GLB2"	56904	1.4	0	1
13591882	"Snap25"	25012	"SNAP25"	6616	4.2	1	1
33667087	"Stx1a"	116470	"STX1A"	6804	3	0	1
6981602	"Stxbp1"	25558	"STXBP1"	6812	2.3	0	1
148747227	"Sv2a"	117559	"SV2A"	9900	0.8	0	1
9507159	"Syn1"	24949	"SYN1"	6853	1.9	0	1
8394389	"Syn3"	29130	"SYN3"	8224	1.8	0	1
6981622	"Syp"	24804	"SYP"	6855	0.7	0	1
148356226	"Syt1"	25716	"SYT1"	6857	1.1	0	1
6981614	"Vamp2"	24803	"VAMP2"	6844	0.7	0	1
13591900	"Abat"	81632	"ABAT"	18	6.4	1	0
47058990	"Abcb7"	302395	"ABCB7"	22	100	1	0
158081775	"Abcf1"	85493	"ABCF1"	23	9.6	1	0
66730294	"Abhd12"	499913	"ABHD12"	26090	4.4	1	0
197313734	"Acad9"	294973	"ACAD9"	28976	100	1	0
6978435	"Acadvl"	25363	"ACADVL"	37	100	1	0
40538860	"Aco2"	79250	"ACO2"	50	5.1	1	0
62078649	"Acot9"	302640	"ACOT9"	23597	5.9	1	0
18543341	"Acsl6"	117243	"ACSL6"	23305	5.5	1	0
9506371	"Acta1"	29437	"ACTA1"	58	3.7	0	0
13592133	"Actb"	684969	"ACTB"	60	5.2	1	0
13592133	"Actb"	100361457	"ACTB"	60	5.2	1	0
13592133	"Actb"	287876	"ACTB"	60	5.2	1	0
13592133	"Actb"	81822	"ACTB"	60	5.2	1	0
13591902	"Actn1"	81634	"ACTN1"	87	100	1	0
57164143	"Actr2"	289820	"ACTR2"	10097	4	0	0
188595700	"Agk"	502749	"AGK"	55750	8.6	1	0
197927166	"Agpat5"	306582	"AGPAT5"	55326	100	1	0
157823607	"Aldh18a1"	361755	"ALDH18A1"	5832	100	1	0
58865518	"Aldh1b1"	298079	"ALDH1B1"	219	100	1	0
62664437	"Aldh7a1"	291450	"ALDH7A1"	501	100	1	0
293345670	"Ank2"	"NA"	"ANK2"	287	100	1	0
157823677	"Ap2a1"	308578	"AP2A1"	160	0.7	0	0
18034787	"Ap2b1"	100912146	"AP2B1"	163	0.8	0	0
18034787	"Ap2b1"	140670	"AP2B1"	163	0.8	0	0
16758938	"Ap2m1"	116563	"AP2M1"	1173	0.6	0	0
56961624	"Ap2s1"	65046	"AP2S1"	1175	0.6	0	0
161783809	"Apob"	54225	"APOB"	338	100	1	0
312596926	"Apoo"	363474	"APOO"	79135	100	1	0
21489979	"Arfgap1"	246310	"ARFGAP1"	55738	100	1	0
157818451	"Arl8a"	498234	"ARL8A"	127829	100	1	0
77917538	"Atad3a"	298682	"ATAD3A"	55210	100	1	0
77917538	"Atad3a"	298682	"ATAD3B"	83858	100	1	0
77917538	"Atad3a"	298682	"ATAD3C"	219293	100	1	0
62079163	"Atg9a"	363254	"ATG9A"	79065	1.2	0	0
6978543	"Atp1a1"	24211	"ATP1A1"	476	7.8	1	0
6978547	"Atp1a3"	24213	"ATP1A3"	478	7.3	1	0
148747253	"Atp1b1"	25650	"ATP1B1"	481	8.4	1	0
158635975	"Atp2a2"	29693	"ATP2A2"	488	6.1	1	0
16758008	"Atp2b1"	29598	"ATP2B1"	490	6.3	1	0
6978557	"Atp2b2"	"NA"	"ATP2B2"	491	6.2	1	0
54792127	"Atp5b"	171374	"ATP5B"	506	7.1	1	0
39930503	"Atp5c1"	116550	"ATP5C1"	509	4.3	1	0
20806153	"Atp5d"	245965	"ATP5D"	513	100	1	0
19705465	"Atp5f1"	100911417	"ATP5F1"	515	4.1	0	0
19705465	"Atp5f1"	171375	"ATP5F1"	515	4.1	0	0
9506411	"Atp5h"	306478	"ATP5H"	10476	4	0	0
17978459	"Atp5i"	140608	"ATP5I"	521	5.3	1	0
16758388	"Atp5j"	94271	"ATP5J"	522	100	1	0
20302061	"Atp5o"	192241	"ATP5O"	539	5.9	1	0
13929110	"Atp6ap1"	83615	"ATP6AP1"	537	0.9	0	0
77627990	"Atp6v0a1"	29757	"ATP6V0A1"	535	0.9	0	0
18677757	"Atp6v0c"	170667	"ATP6V0C"	527	0.7	0	0
58865424	"Atp6v0d1"	291969	"ATP6V0D1"	9114	0.9	0	0
58865560	"Atp6v1c1"	299971	"ATP6V1C1"	528	1	0	0
40786463	"Atp6v1d"	299159	"ATP6V1D"	51382	1.1	0	0
38454230	"Atp6v1e1"	297566	"ATP6V1E1"	529	1	0	0
16758754	"Atp6v1f"	116664	"ATP6V1F"	9296	1	0	0
47059104	"Atp6v1g2"	368044	"ATP6V1G2"	534	0.9	0	0
62078587	"Atp6v1h"	297797	"ATP6V1H"	51606	0.9	0	0
392353115	"Atp8a1"	289615	"ATP8A1"	10396	1.4	0	0
77917528	"Atpif1"	25392	"ATPIF1"	93974	4.9	1	0
157822275	"Auh"	361215	"AUH"	549	7.7	1	0
56090628	"Bcs1l"	301514	"BCS1L"	617	100	1	0
55742813	"Bdh1"	117099	"BDH1"	622	6.3	1	0
81295385	"Bphl"	361239	"BPHL"	670	100	1	0
392352984	"Brdt"	305123	"BRDT"	676	100	1	0
157821409	"Brpf3"	309647	"BRPF3"	27154	100	1	0
157822273	"RGD1309188"	315463	"C19orf52"	90580	100	1	0
48675371	"C1qbp"	29681	"C1QBP"	708	100	1	0
51948422	"RGD1303003"	294326	"C21orf33"	8209	8.4	1	0
158262028	"RGD1302996"	294231	"C6orf136"	221545	100	1	0
31542335	"Cacna2d1"	25399	"CACNA2D1"	781	100	1	0
6978583	"Cacnb3"	25297	"CACNB3"	784	100	1	0
114052921	"Cadm3"	360882	"CADM3"	57863	7	1	0
6978593	"Camk2a"	"NA"	"CAMK2A"	815	7.3	1	0
108796657	"Camk2b"	24245	"CAMK2B"	816	7.9	1	0
6978595	"Camk2d"	24246	"CAMK2D"	817	6.1	1	0
19424316	"Camk2g"	100909586	"CAMK2G"	818	8.2	1	0
19424316	"Camk2g"	171140	"CAMK2G"	818	8.2	1	0
25282419	"Canx"	29144	"CANX"	821	4.6	1	0
9506469	"Cd47"	29364	"CD47"	961	6.7	1	0
281599321	"Cdk5rap2"	286919	"CDK5RAP2"	55755	100	1	0
62079059	"Cend1"	361675	"CEND1"	51286	100	1	0
62079059	"Cend1"	100911402	"CEND1"	51286	100	1	0
209364558	"Cep290"	314787	"CEP290"	80184	100	1	0
157817027	"Chchd3"	296966	"CHCHD3"	54927	5.8	1	0
157819769	"Chchd6"	297436	"CHCHD6"	84303	-1	0	0
157824004	"Cisd1"	294362	"CISD1"	55847	7	1	0
60678254	"Ckmt1b"	29593	"CKMT1A"	548596	6.9	1	0
60678254	"Ckmt1b"	29593	"CKMT1B"	1159	6.9	1	0
157817045	"Clcn6"	295586	"CLCN6"	1185	100	1	0
9506497	"Cltc"	54241	"CLTC"	1213	5.8	1	0
392345255	"Cmya5"	688915	"CMYA5"	202333	1.2	0	0
157822161	"Comtd1"	305685	"COMTD1"	118881	100	1	0
293360827	"Cox14"	681219	"COX14"	84987	4	0	0
8393180	"Cox4i1"	29445	"COX4I1"	1327	3.7	0	0
24233541	"Cox5a"	100361008	"COX5A"	9377	3.5	0	0
24233541	"Cox5a"	252934	"COX5A"	9377	3.5	0	0
16758362	"Cox5b"	94194	"COX5B"	1329	5.3	1	0
77736544	"Cox6a1"	25282	"COX6A1"	1337	100	1	0
77736544	"Cox6a1"	25282	"COX6A1P2"	"NA"	100	1	0
160333459	"Cox6c"	100365711	"COX6C"	1345	7.7	1	0
160333459	"Cox6c"	54322	"COX6C"	1345	7.7	1	0
11968072	"Cox7a2"	688386	"COX7A2"	1347	100	1	0
11968072	"Cox7a2"	29507	"COX7A2"	1347	100	1	0
157821821	"Cox7a2l"	298762	"COX7A2L"	9167	4	0	0
65301490	"Cox7b"	303393	"COX7B"	1349	7.3	1	0
197927439	"Cox7c"	100188937	"COX7C"	1350	100	1	0
18543177	"Cs"	170587	"CS"	1431	6.2	1	0
392345479	"Ctnnd2"	114028	"CTNND2"	1501	100	1	0
61557037	"Cyb5r1"	304805	"CYB5R1"	51706	100	1	0
20302049	"Cyb5r3"	25035	"CYB5R3"	1727	5.1	1	0
194473626	"Cyc1"	300047	"CYC1"	1537	100	1	0
78365255	"Dlat"	81654	"DLAT"	1737	6.2	1	0
40786469	"Dld"	298942	"DLD"	1738	7.3	1	0
9665227	"Dlg4"	29495	"DLG4"	1742	100	1	0
195927000	"Dlst"	299201	"DLST"	1743	5.5	1	0
392332093	"Dnah2"	303242	"DNAH2"	146754	100	1	0
84370227	"Dnaja3"	360481	"DNAJA3"	9093	100	1	0
70794764	"Dnaja4"	300721	"DNAJA4"	55466	2.8	0	0
157822779	"Dnajc11"	362666	"DNAJC11"	55735	100	1	0
12408298	"Dpp6"	29272	"DPP6"	1804	4.5	1	0
148491097	"Dync1h1"	29489	"DYNC1H1"	1778	0.9	0	0
16758016	"Dynll1"	100361920	"DYNLL1"	8655	100	1	0
16758016	"Dynll1"	58945	"DYNLL1"	8655	100	1	0
17530977	"Echs1"	100911186	"ECHS1"	1892	100	1	0
17530977	"Echs1"	140547	"ECHS1"	1892	100	1	0
50054162	"Eef1a2"	24799	"EEF1A2"	1917	1.4	0	0
25140983	"Erc2"	259269	"ERC2"	26059	100	1	0
300794076	"Ern1"	498013	"ERN1"	2081	100	1	0
57527204	"Etfa"	300726	"ETFA"	2108	100	1	0
52138635	"Etfdh"	295143	"ETFDH"	2110	100	1	0
157821933	"Exog"	301062	"EXOG"	9941	100	1	0
68163417	"Fahd1"	302980	"FAHD1"	81889	100	1	0
198386332	"Fahd2a"	296131	"FAHD2A"	51011	100	1	0
198386332	"Fahd2a"	296131	"FAHD2B"	151313	100	1	0
71361663	"Fam162a"	360721	"FAM162A"	26355	4.8	1	0
392353229	"Fam193a"	305452	"FAM193A"	8603	100	1	0
158186722	"Fh"	24368	"FH"	2271	7.7	1	0
157786896	"Fis1"	288584	"FIS1"	51024	100	1	0
158636004	"Flot1"	64665	"FLOT1"	10211	100	1	0
13929186	"Flot2"	83764	"FLOT2"	2319	100	1	0
392339502	"Fsip2"	"NA"	"FSIP2"	401024	100	1	0
8393415	"Gap43"	29423	"GAP43"	2596	9	1	0
62945328	"Gbas"	498174	"GBAS"	2631	5.2	1	0
157821895	"Gdap1"	312890	"GDAP1"	54332	3.2	0	0
157821573	"Gdap1l1"	311616	"GDAP1L1"	78997	100	1	0
158303294	"Gls"	24398	"GLS"	2744	5.8	1	0
6980956	"Glud1"	24399	"GLUD1"	2746	4.6	1	0
6980956	"Glud1"	24399	"GLUD2"	2747	4.6	1	0
142349612	"Glul"	24957	"GLUL"	2752	0.9	0	0
6980962	"Gnai1"	"NA"	"GNAI1"	2770	6.7	1	0
9506737	"Gnas"	"NA"	"GNAL"	2774	8.7	1	0
8394152	"Gnao1"	50664	"GNAO1"	2775	6.7	1	0
13591957	"Gnaq"	81666	"GNAQ"	2776	6.2	1	0
148747524	"Gnb1"	24400	"GNB1"	2782	8	1	0
29789261	"Gnb2"	81667	"GNB2"	2783	7.5	1	0
6980972	"Got2"	25721	"GOT2"	2806	7.6	1	0
6980978	"Gpd2"	"NA"	"GPD2"	2820	5.9	1	0
46485440	"Gpi"	292804	"GPI"	2821	100	1	0
30017437	"Gpm6a"	306439	"GPM6A"	2823	100	1	0
20301986	"Gpm6b"	192179	"GPM6B"	2824	100	1	0
13324704	"Grpel1"	79563	"GRPEL1"	80273	3.3	0	0
157823023	"Gtf3c4"	685539	"GTF3C4"	9329	100	1	0
148747393	"Hadha"	170670	"HADHA"	3030	6.9	1	0
83977457	"Hibadh"	63938	"HIBADH"	11112	100	1	0
6981022	"Hk1"	"NA"	"HK1"	3098	6.7	1	0
392352741	"Hmcn1"	289094	"HMCN1"	83872	100	1	0
62990189	"Hnrnpr"	319110	"HNRNPR"	10236	100	1	0
8850221	"Hpca"	29177	"HPCA"	3208	100	1	0
8393864	"Hpcal1"	50871	"HPCAL1"	3241	4.3	1	0
67846070	"Hsdl1"	361418	"HSDL1"	83693	100	1	0
71043858	"Hsdl2"	313200	"HSDL2"	84263	100	1	0
13242237	"Hspa8"	680121	"HSPA8"	3312	6.3	1	0
13242237	"Hspa8"	24468	"HSPA8"	3312	6.3	1	0
13242237	"Hspa8"	"NA"	"HSPA8"	3312	6.3	1	0
13242237	"Hspa8"	680121	"HSPA8"	85389	6.3	1	0
13242237	"Hspa8"	24468	"HSPA8"	85389	6.3	1	0
13242237	"Hspa8"	"NA"	"HSPA8"	85389	6.3	1	0
13242237	"Hspa8"	"NA"	"HSPA8"	85390	6.3	1	0
62079055	"Idh2"	361596	"IDH2"	3418	4.5	1	0
16758446	"Idh3a"	114096	"IDH3A"	3419	6.3	1	0
55926203	"Idh3B"	94173	"IDH3B"	3420	7.2	1	0
77917546	"Immt"	312444	"IMMT"	10989	7	1	0
109480041	"RGD1308350"	"NA"	"INF2"	64423	0.8	0	0
157817598	"Invs"	313228	"INVS"	27130	100	1	0
109473862	"Iqsec1"	686590	"IQSEC1"	9922	3.8	0	0
109505582	"Jarid2"	681740	"JARID2"	3720	100	1	0
295054252	"Kalrn"	84009	"KALRN"	8997	100	1	0
13929184	"Kcnma1"	83731	"KCNMA1"	3778	100	1	0
109483746	"RGD1307365"	300880	"KIAA1009"	22832	0.5	0	0
62651891	"RGD1309995"	314690	"KIAA1033"	23325	100	1	0
392345343	"Kif2a"	364670	"KIF2A"	3796	3.3	0	0
392345343	"Kif2a"	84391	"KIF2A"	3796	3.3	0	0
58865398	"Lap3"	289668	"LAP3"	51056	100	1	0
54400736	"Letm1"	305457	"LETM1"	3954	1.4	0	0
19173766	"Lonp1"	100909969	"LONP1"	9361	100	1	0
19173766	"Lonp1"	170916	"LONP1"	9361	100	1	0
157819311	"Lrguk"	296968	"LRGUK"	136332	100	1	0
56605990	"Lrpprc"	313867	"LRPPRC"	10128	100	1	0
68342019	"Lrrc17"	502715	"LRRC17"	10234	100	1	0
392332172	"Prp2l1"	287750	"LRRC37A"	9884	100	1	0
392332172	"Prp2l1"	287750	"LRRC37A2"	474170	100	1	0
392332172	"Prp2l1"	287750	"LRRC37A3"	374819	100	1	0
392332172	"Prp2l1"	287750	"LRRC37B"	114659	100	1	0
157822793	"Mcu"	294560	"MCU"	90550	100	1	0
42476181	"Mdh2"	81829	"MDH2"	4191	6.9	1	0
148747472	"Mfn2"	100911485	"MFN2"	9927	100	1	0
148747472	"Mfn2"	64476	"MFN2"	9927	100	1	0
62660299	"RGD1561381"	498340	"MGST3"	4259	100	1	0
62660299	"RGD1561381"	498340	"MGST3"	100505828	100	1	0
71043842	"Mlf1ip"	306464	"MLF1IP"	79682	0.3	0	0
19424244	"Mpc1"	171087	"MPC1"	51660	100	1	0
117647218	"Mpc2"	100359982	"MPC2"	25874	6.3	1	0
20304123	"Mpst"	192172	"MPST"	4357	6.3	1	0
157786906	"Mrps17"	288621	"MRPS17"	51373	100	1	0
157824010	"Mrps31"	290850	"MRPS31"	10240	100	1	0
34875107	"Mrps7"	113958	"MRPS7"	51081	100	1	0
110189718	"COX2"	7066250	"MT-CO2"	4513	100	1	0
110189718	"COX2"	26198	"MT-CO2"	4513	100	1	0
197313797	"Mtch1"	294313	"MTCH1"	23787	100	1	0
158819029	"Mtch2"	295922	"MTCH2"	23788	6.3	1	0
55741522	"Mtfp1"	289745	"MTFP1"	51537	100	1	0
56605654	"Mtx2"	288150	"MTX2"	10651	3.5	0	0
13928704	"Myh10"	79433	"MYH10"	4628	100	1	0
6981236	"Myh9"	100911597	"MYH9"	4627	100	1	0
6981236	"Myh9"	25745	"MYH9"	4627	100	1	0
13928706	"Ncam1"	24586	"NCAM1"	4684	7.9	1	0
47058992	"Ndufa11"	301123	"NDUFA11"	126328	100	1	0
164565371	"Ndufa12"	299739	"NDUFA12"	55967	4.3	1	0
164565371	"Ndufa12"	100910710	"NDUFA12"	55967	4.3	1	0
157817861	"Ndufa2"	291660	"NDUFA2"	4695	6.2	1	0
189085365	"Ndufa4"	681024	"NDUFA4"	4697	6.5	1	0
6981260	"Ndufa5"	25488	"NDUFA5"	4698	5	1	0
194473636	"Ndufa6"	315167	"NDUFA6"	4700	100	1	0
114145517	"Ndufa8"	296658	"NDUFA8"	4702	100	1	0
198278533	"Ndufa9"	362440	"NDUFA9"	4704	4.1	0	0
157820787	"Ndufab1"	293453	"NDUFAB1"	4706	8.8	1	0
157820787	"Ndufab1"	683884	"NDUFAB1"	4706	8.8	1	0
38454320	"Ndufaf4"	362495	"NDUFAF4"	29078	100	1	0
157822851	"Ndufb11"	299310	"NDUFB11"	54539	100	1	0
82617686	"Ndufb4"	688963	"NDUFB4"	4710	-1	0	0
82617686	"Ndufb4"	691675	"NDUFB4"	4710	-1	0	0
82617686	"Ndufb4"	288088	"NDUFB4"	4710	-1	0	0
82617686	"Ndufb4"	100361934	"NDUFB4"	4710	-1	0	0
157823387	"Ndufb5"	294964	"NDUFB5"	4711	8	1	0
157820465	"Ndufb6"	297990	"NDUFB6"	4712	100	1	0
157823197	"Ndufb7"	361385	"NDUFB7"	4713	100	1	0
157822261	"Ndufb8"	293991	"NDUFB8"	4714	100	1	0
187937028	"Ndufb9"	299954	"NDUFB9"	4715	100	1	0
57164133	"Ndufc2"	293130	"NDUFC2"	4718	5.2	1	0
57164133	"Ndufc2"	293130	"NDUFC2"	100532726	5.2	1	0
57164133	"Ndufc2"	293130	"NDUFC2-KCTD14"	100532726	5.2	1	0
53850628	"Ndufs1"	301458	"NDUFS1"	4719	6.4	1	0
58865384	"Ndufs2"	289218	"NDUFS2"	4720	3.5	0	0
157817227	"Ndufs3"	295923	"NDUFS3"	4722	6.5	1	0
68341995	"Ndufs4"	499529	"NDUFS4"	4724	6.2	1	0
72086149	"Ndufs5"	362588	"NDUFS5"	4725	2.8	0	0
72086149	"Ndufs5"	100363268	"NDUFS5"	4725	2.8	0	0
56606108	"Ndufs7"	362837	"NDUFS7"	374291	100	1	0
157821497	"Ndufs8"	293652	"NDUFS8"	4728	5.9	1	0
157821497	"Ndufs8"	293652	"NDUFS8"	100616403	5.9	1	0
55741424	"Ndufv1"	293655	"NDUFV1"	4723	6.9	1	0
55741424	"Ndufv1"	100911329	"NDUFV1"	4723	6.9	1	0
51092268	"Ndufv2"	81728	"NDUFV2"	4729	100	1	0
162287192	"Ndufv3"	64539	"NDUFV3"	4731	100	1	0
209969744	"Nipsnap1"	360971	"NIPSNAP1"	8508	7	1	0
281332089	"Nlrp12"	292541	"NLRP12"	91662	100	1	0
55926145	"Nme2"	83782	"NME1-NME2"	4831	8.7	1	0
9507073	"Nptn"	56064	"NPTN"	27020	5.8	1	0
157822347	"Nsd1"	306764	"NSD1"	64324	0.3	0	0
199562203	"Nt5dc3"	691922	"NT5DC3"	51559	6.8	1	0
11968102	"Oat"	64313	"OAT"	4942	100	1	0
62078483	"Ociad1"	289590	"OCIAD1"	54940	100	1	0
62945278	"Ogdh"	360975	"OGDH"	4967	6.3	1	0
157819765	"Ogdhl"	290566	"OGDHL"	55753	-1	0	0
148747459	"Opa1"	171116	"OPA1"	4976	6.5	1	0
189181716	"Oxct1"	690163	"OXCT1"	5019	100	1	0
6981324	"P4hb"	25506	"P4HB"	5034	8.8	1	0
201066365	"Papss2"	294103	"PAPSS2"	9060	100	1	0
31543464	"Pc"	25104	"PC"	5091	4.3	1	0
9507061	"Pcsk1n"	100911286	"PCSK1N"	27344	100	1	0
9507061	"Pcsk1n"	246333	"PCSK1N"	27344	100	1	0
13592021	"Pde2a"	81743	"PDE2A"	5138	100	1	0
124430510	"Pdha1"	29554	"PDHA1"	5160	5.8	1	0
56090293	"Pdhb"	289950	"PDHB"	5162	7.2	1	0
113205496	"Pdhx"	311254	"PDHX"	8050	100	1	0
122427836	"Pdp1"	54705	"PDP1"	54704	100	1	0
13929002	"Pfkm"	65152	"PFKM"	5213	0.6	0	0
57977273	"Pfkp"	60416	"PFKP"	5214	0.9	0	0
70608189	"Pgam5"	288731	"PGAM5"	192111	100	1	0
61556754	"Phb2"	114766	"PHB2"	11331	6.4	1	0
25742825	"Pi4ka"	64161	"PI4KA"	5297	100	1	0
256221435	"Plec"	64204	"PLEC"	5339	5	1	0
281306779	"Ppfia4"	140592	"PPFIA4"	8497	100	1	0
213972596	"Ppfibp2"	308918	"PPFIBP2"	8495	0.4	0	0
11968132	"Prdx3"	64371	"PRDX3"	10935	-1	0	0
16758404	"Prdx5"	113898	"PRDX5"	25824	5.3	1	0
155369271	"Prkaca"	25636	"PRKACA"	5566	100	1	0
6981400	"Prkcg"	24681	"PRKCG"	5582	2.7	0	0
392344646	"Prrt2"	361651	"PRRT2"	112476	3.8	0	0
157819829	"Ptplad1"	300783	"PTPLAD1"	51495	4.8	1	0
13928818	"Ptprn2"	29714	"PTPRN2"	5799	2	0	0
61889071	"Rab10"	50993	"RAB10"	10890	1.7	0	0
16758368	"Rab14"	94197	"RAB14"	51552	2.2	0	0
16758202	"Rab27b"	84590	"RAB27B"	5874	2.5	0	0
13929006	"Rab2a"	65158	"RAB2A"	5862	1.9	0	0
61556789	"Rab35"	288700	"RAB35"	11021	2.1	0	0
157822741	"Rab39a"	315668	"RAB39A"	54734	2.2	0	0
13592037	"Rab3b"	81755	"RAB3B"	5865	1.7	0	0
13592039	"Rala"	81757	"RALA"	5898	100	1	0
19173774	"Rap2b"	170923	"RAP2B"	5912	4.7	1	0
157820415	"Rasal1"	360814	"RASAL1"	8437	9	1	0
61557326	"Reep6"	362835	"REEP6"	92840	4.8	1	0
32452540	"Rhot2"	287156	"RHOT2"	89941	100	1	0
157822659	"Riok3"	361293	"RIOK3"	8780	100	1	0
67846010	"Rogdi"	287061	"ROGDI"	79641	1.2	0	0
307574669	"Rp1"	681377	"RP1"	6101	100	1	0
16758732	"Rtn1"	"NA"	"RTN1"	6252	6.4	1	0
13929188	"Rtn4"	83765	"RTN4"	57142	100	1	0
51948454	"Samm50"	300111	"SAMM50"	25813	100	1	0
274325671	"Scamp3"	65169	"SCAMP3"	10067	1.1	0	0
13929020	"Scamp5"	65171	"SCAMP5"	192683	0.6	0	0
61557143	"Scrn3"	311731	"SCRN3"	79634	2.2	0	0
18426858	"Sdha"	157074	"SDHA"	6389	4.8	1	0
209915614	"Sdhb"	298596	"SDHB"	6390	7.5	1	0
53850596	"Sdhc"	289217	"SDHC"	6391	6.2	1	0
38454310	"Sdhd"	363061	"SDHD"	6392	100	1	0
9507085	"Sept3"	56003	"SEPT3"	55964	100	1	0
90577179	"Sept5"	116728	"SEPT5"	2812	4.7	1	0
90577179	"Sept5"	116728	"SEPT5"	5413	4.7	1	0
166091429	"Sept7"	690757	"SEPT7"	989	3.6	0	0
166091429	"Sept7"	100910545	"SEPT7"	989	3.6	0	0
166091429	"Sept7"	100910589	"SEPT7"	989	3.6	0	0
166091429	"Sept7"	100910706	"SEPT7"	989	3.6	0	0
166091429	"Sept7"	64551	"SEPT7"	989	3.6	0	0
157819689	"Sept8"	303135	"SEPT8"	23176	4.5	1	0
164698508	"Sept9"	83788	"SEPT9"	10801	1	0	0
392349051	"Setd3"	299295	"SETD3"	84193	100	1	0
392349051	"Setd3"	100910833	"SETD3"	84193	100	1	0
58865994	"Sfxn1"	364678	"SFXN1"	94081	8.4	1	0
12621120	"Sfxn3"	65042	"SFXN3"	81855	5.6	1	0
23463279	"Sfxn5"	261737	"SFXN5"	94097	100	1	0
8394267	"Shh"	29499	"SHH"	6469	100	1	0
31543529	"Sirpa"	25528	"SIRPA"	140885	5.3	1	0
31543529	"Sirpa"	25528	"SIRPB1"	10326	5.3	1	0
31543529	"Sirpa"	25528	"SIRPB1"	100653194	5.3	1	0
31543529	"Sirpa"	25528	"SIRPB1"	100653231	5.3	1	0
31543529	"Sirpa"	25528	"SIRPG"	55423	5.3	1	0
19705463	"Slc12a5"	171373	"SLC12A5"	57468	4.2	1	0
16758166	"Slc17a6"	84487	"SLC17A6"	57084	0.9	0	0
16758726	"Slc17a7"	116638	"SLC17A7"	57030	0.9	0	0
78126161	"Slc1a2"	29482	"SLC1A2"	6506	8.9	1	0
9507115	"Slc1a3"	29483	"SLC1A3"	6507	100	1	0
8394297	"Slc25a1"	"NA"	"SLC25A1"	6576	9.3	1	0
8394297	"Slc25a1"	29743	"SLC25A1"	6576	9.3	1	0
11693170	"Slc25a11"	64201	"SLC25A11"	8402	6	1	0
62078785	"Slc25a22"	309111	"SLC25A22"	79751	7.3	1	0
62078785	"Slc25a22"	100911440	"SLC25A22"	79751	7.3	1	0
32189355	"Slc25a4"	85333	"SLC25A4"	291	6	1	0
189491614	"Slc25a46"	291709	"SLC25A46"	91137	100	1	0
32189350	"Slc25a5"	100909799	"SLC25A5"	292	6.4	1	0
32189350	"Slc25a5"	25176	"SLC25A5"	292	6.4	1	0
61557417	"Slc30a3"	366568	"SLC30A3"	7781	0.8	0	0
13929106	"Slc32a1"	83612	"SLC32A1"	140679	0.8	0	0
13242269	"Slc6a1"	79212	"SLC6A1"	6529	100	1	0
74271849	"Slc6a17"	613226	"SLC6A17"	388662	1.5	0	0
17530967	"Slc8a2"	140447	"SLC8A2"	6543	4.6	1	0
6981558	"Slc9a1"	24782	"SLC9A1"	6548	100	1	0
157824057	"Slirp"	688717	"SLIRP"	81892	100	1	0
132626321	"Slk"	54308	"SLK"	9748	100	1	0
274315796	"Sntb2"	689421	"SNTB2"	6645	1	0	0
8394331	"Sod2"	24787	"SOD2"	6648	5.3	1	0
8394331	"Sod2"	24787	"SOD2"	100129518	5.3	1	0
188595680	"Sphkap"	316561	"SPHKAP"	80309	0.9	0	0
31543764	"Sptan1"	64159	"SPTAN1"	6709	7.3	1	0
47058982	"Sptb"	314251	"SPTB"	6710	3.2	0	0
61557085	"Sptbn1"	305614	"SPTBN1"	6711	5.3	1	0
9507127	"Srcin1"	56029	"SRCIN1"	80725	5.9	1	0
34328536	"Ssbp1"	54304	"SSBP1"	6742	100	1	0
13928972	"St3gal3"	64445	"ST3GAL3"	6487	100	1	0
72255527	"Stoml2"	298203	"STOML2"	30968	100	1	0
6981600	"Stx1b"	24923	"STX1B"	112755	3.4	0	0
158749584	"Sucla2"	361071	"SUCLA2"	8803	100	1	0
139948224	"Suclg1"	114597	"SUCLG1"	8802	7.3	1	0
17105360	"Sv2b"	117556	"SV2B"	9899	0.9	0	0
257796229	"Syngap1"	192117	"SYNGAP1"	8831	5.5	1	0
9507167	"Syngr1"	29205	"SYNGR1"	9145	0.6	0	0
157819371	"Syngr3"	302975	"SYNGR3"	9143	0.5	0	0
77732522	"Synj2bp"	64531	"SYNJ2BP"	55333	100	1	0
77732522	"Synj2bp"	64531	"SYNJ2BP"	100529257	100	1	0
13027428	"Synpr"	66030	"SYNPR"	132204	0.8	0	0
6981624	"Syt2"	24805	"SYT2"	127833	1.4	0	0
9507171	"Syt5"	54309	"SYT5"	6861	1.3	0	0
157821195	"Tamm41"	362419	"TAMM41"	132001	100	1	0
62078811	"Tars2"	310672	"TARS2"	80222	100	1	0
6981654	"Thy1"	24832	"THY1"	7070	3.9	0	0
25742598	"Timm10"	64464	"TIMM10"	26519	100	1	0
8394449	"Timm44"	29635	"TIMM44"	10469	100	1	0
155369700	"Tlr8"	684440	"TLR8"	51311	100	1	0
157821331	"Tmcc3"	314751	"TMCC3"	57458	100	1	0
167900472	"Tmem163"	360839	"TMEM163"	81615	0.8	0	0
51948472	"Tmem30a"	300857	"TMEM30A"	55754	2.6	0	0
189011652	"Tmprss13"	300682	"TMPRSS13"	84000	1.1	0	0
56090369	"Tmx2"	295701	"TMX2-CTNND1"	"NA"	100	1	0
209915579	"Tmx4"	296182	"TMX4"	56255	100	1	0
23097350	"Tomm20"	266601	"TOMM20"	9804	100	1	0
47058998	"Tomm22"	300075	"TOMM22"	56993	100	1	0
47058988	"Tomm70a"	304017	"TOMM70A"	9868	5.8	1	0
194474010	"Tonsl"	366953	"TONSL"	4796	100	1	0
38259192	"Top2a"	360243	"TOP2A"	7153	1.2	0	0
160333093	"Tprg1l"	687090	"TPRG1L"	127262	0.8	0	0
62078999	"Traf3ip3"	360900	"TRAF3IP3"	80342	1.3	0	0
84781723	"Trap1"	287069	"TRAP1"	10131	100	1	0
56605828	"Trappc3"	362599	"TRAPPC3"	27095	0.6	0	0
11560133	"Tuba1a"	500929	"TUBA1A"	7846	3.3	0	0
11560133	"Tuba1a"	100910937	"TUBA1A"	7846	3.3	0	0
11560133	"Tuba1a"	64158	"TUBA1A"	7846	3.3	0	0
55741524	"Tuba4a"	316531	"TUBA4A"	7277	1.7	0	0
27465535	"Tubb5"	29214	"TUBB"	203068	2.1	0	0
145966774	"Tubb3"	246118	"TUBB3"	10381	1.9	0	0
158262004	"Tubb4a"	29213	"TUBB4A"	10382	2.1	0	0
157820845	"Tufm"	293481	"TUFM"	7284	6.1	1	0
157821401	"Uqcc"	683512	"UQCC"	55245	100	1	0
51948476	"Uqcrc1"	301011	"UQCRC1"	7384	5.1	1	0
55741544	"Uqcrc2"	293448	"UQCRC2"	7385	6.8	1	0
57114330	"Uqcrfs1"	291103	"UQCRFS1"	7386	6	1	0
57164091	"Uqcrh"	366448	"UQCRH"	7388	100	1	0
57164091	"Uqcrh"	366448	"UQCRH"	440567	100	1	0
68341999	"Uqcrq"	497902	"UQCRQ"	27089	5.7	1	0
19424210	"Usmg5"	100360002	"USMG5"	84833	100	1	0
19424210	"Usmg5"	171069	"USMG5"	84833	100	1	0
6981696	"Utrn"	"NA"	"UTRN"	7402	100	1	0
76443677	"Vamp1"	25624	"VAMP1"	6843	0.9	0	0
13786202	"Vdac2"	83531	"VDAC2"	7417	4.4	1	0
13786204	"Vdac3"	83532	"VDAC3"	7419	7.8	1	0
219275534	"Vps13a"	309243	"VPS13A"	23230	2.8	0	0
25742604	"Vps45"	64516	"VPS45"	11311	100	1	0
56605740	"Wdfy1"	301549	"WDFY1"	57590	100	1	0
330340430	"Wdr19"	305349	"WDR19"	57728	100	1	0
13027430	"Wdr7"	"NA"	"WDR7"	23335	2.5	0	0
158631185	"Xpo5"	363194	"XPO5"	57510	0.7	0	0
157818041	"Yeats2"	498112	"YEATS2"	55689	100	1	0
6981712	"Ywhaq"	25577	"YWHAQ"	10971	100	1	0
62990183	"Ywhaz"	25578	"YWHAZ"	7534	4.1	0	0
157823175	"Zc3h7a"	360466	"ZC3H7A"	29066	100	1	0
169259769	"Zfp292"	50552	"ZNF292"	23036	100	1	0
